{
    "clients": [
        {
            "first_name": "Sigrid",
            "last_name": "Mannock",
            "age": 27,
            "amount": 7.17
        },
        {
            "first_name": "Joe",
            "last_name": "Hinners",
            "age": 31,
            "amount": [
                1.9,
                5.5
            ]
        },
        {
            "first_name": "Theodoric",
            "last_name": "Rivers",
            "age": 36,
            "amount": 1.11
        }
    ]
}